                  epoch,         train/box_loss,         train/cls_loss,         train/dfl_loss,   metrics/precision(B),      metrics/recall(B),       metrics/mAP50(B),    metrics/mAP50-95(B),           val/box_loss,           val/cls_loss,           val/dfl_loss,                 lr/pg0,                 lr/pg1,                 lr/pg2
                      1,                 1.7236,                 1.8768,                 1.4194,                0.80763,                0.64049,                0.74305,                0.38918,                 1.5697,                 1.7062,                 1.3422,             0.00047553,             0.00047553,             0.00047553
                      2,                 1.6064,                 1.3801,                 1.3817,                0.85033,                0.68873,                0.78937,                0.38059,                 1.6664,                 1.4436,                 1.4249,             0.00090474,             0.00090474,             0.00090474
                      3,                 1.5954,                 1.2834,                 1.3736,                0.83863,                0.75062,                0.80246,                0.39267,                 1.6854,                 1.2893,                  1.417,              0.0012868,              0.0012868,              0.0012868
                      4,                  1.557,                 1.2171,                 1.3549,                0.88073,                0.76623,                0.83928,                0.45836,                 1.5064,                 1.1591,                  1.339,              0.0012168,              0.0012168,              0.0012168
                      5,                 1.5185,                 1.1392,                 1.3298,                0.87581,                0.79718,                 0.8553,                0.48086,                  1.457,                 1.2563,                  1.312,              0.0011461,              0.0011461,              0.0011461
                      6,                 1.4866,                 1.0785,                  1.304,                0.89431,                 0.8003,                0.87157,                0.49875,                 1.4754,                 1.0127,                 1.2949,              0.0010753,              0.0010753,              0.0010753
